{
  "AUC": 0.7570449402123385,
  "Accuracy": 0.7165821585780353,
  "F1": 0.7129094356652257,
  "Precision": 0.7548742286401827,
  "Recall": 0.7165821585780354
}